{
  "name": "biomes_TMCWv4",
  "type": "biome",
  "version": "TMCWv4",
  "data": [
    {
      "id": 0,
      "name": "Ocean"
    },
    {
      "id": 1,
      "name": "Plains"
    },
    {
      "id": 2,
      "name": "Desert"
    },
    {
      "id": 3,
      "name": "Extreme Hills"
    },
    {
      "id": 4,
      "name": "Forest"
    },
    {
      "id": 5,
      "name": "Winter Taiga"
    },
    {
      "id": 6,
      "name": "Swampland"
    },
    {
      "id": 7,
      "name": "River"
    },
    {
      "id": 8,
      "name": "The Nether"
    },
    {
      "id": 9,
      "name": "The End"
    },
    {
      "id": 10,
      "name": "Frozen Ocean"
    },
    {
      "id": 11,
      "name": "Frozen River"
    },
    {
      "id": 12,
      "name": "Ice Plains"
    },
    {
      "id": 13,
      "name": "Ice Mountains"
    },
    {
      "id": 14,
      "name": "Mushroom Island"
    },
    {
      "id": 15,
      "name": "Mushroom Island Shore"
    },
    {
      "id": 16,
      "name": "Beach"
    },
    {
      "id": 17,
      "name": "Desert Hills"
    },
    {
      "id": 18,
      "name": "Forest Hills"
    },
    {
      "id": 19,
      "name": "Taiga Hills"
    },
    {
      "id": 20,
      "name": "Extreme Hills Edge"
    },
    {
      "id": 21,
      "name": "Jungle"
    },
    {
      "id": 22,
      "name": "Jungle Hills"
    },
    {
      "id": 23,
      "name": "Hilly Plains"
    },
    {
      "id": 24,
      "name": "Hilly Plains Hills"
    },
    {
      "id": 25,
      "name": "Forest Mountains 1"
    },
    {
      "id": 26,
      "name": "Forest Mountains 2"
    },
    {
      "id": 27,
      "name": "Extreme Forest Mountains"
    },
    {
      "id": 28,
      "name": "Mountainous Desert"
    },
    {
      "id": 29,
      "name": "Mountainous Desert Hills"
    },
    {
      "id": 30,
      "name": "Tropical Swamp"
    },
    {
      "id": 31,
      "name": "Mixed Forest"
    },
    {
      "id": 32,
      "name": "Mixed Forest Hills"
    },
    {
      "id": 33,
      "name": "Bushlands"
    },
    {
      "id": 34,
      "name": "Mega Tree Plains"
    },
    {
      "id": 35,
      "name": "Spruce Hills"
    },
    {
      "id": 36,
      "name": "Mesa"
    },
    {
      "id": 37,
      "name": "Mesa Plateau"
    },
    {
      "id": 38,
      "name": "Mesa Edge"
    },
    {
      "id": 39,
      "name": "Birch Forest"
    },
    {
      "id": 40,
      "name": "Birch Forest Hills"
    },
    {
      "id": 41,
      "name": "Mega Forest"
    },
    {
      "id": 42,
      "name": "Mega Forest Hills"
    },
    {
      "id": 43,
      "name": "Taiga"
    },
    {
      "id": 44,
      "name": "Taiga Hills"
    },
    {
      "id": 45,
      "name": "Volcanic Wasteland"
    },
    {
      "id": 46,
      "name": "Lake"
    },
    {
      "id": 47,
      "name": "Frozen Lake"
    },
    {
      "id": 48,
      "name": "Ice Hills"
    },
    {
      "id": 49,
      "name": "TMCW Mega Taiga"
    },
    {
      "id": 50,
      "name": "TMCW Mega Taiga Hills"
    },
    {
      "id": 51,
      "name": "Big Oak Forest"
    },
    {
      "id": 52,
      "name": "Big Oak Forest Hills"
    },
    {
      "id": 53,
      "name": "Extreme Mountains"
    },
    {
      "id": 54,
      "name": "Winter Forest"
    },
    {
      "id": 55,
      "name": "Winter Forest Hills"
    },
    {
      "id": 56,
      "name": "Winter Forest Mountains"
    },
    {
      "id": 57,
      "name": "Desert Beach"
    },
    {
      "id": 58,
      "name": "Swamp River"
    },
    {
      "id": 59,
      "name": "Jungle River"
    },
    {
      "id": 60,
      "name": "Desert River"
    },
    {
      "id": 61,
      "name": "Mesa River"
    },
    {
      "id": 62,
      "name": "Savanna"
    },
    {
      "id": 63,
      "name": "Savanna Plateau"
    },
    {
      "id": 64,
      "name": "Savanna Mountains"
    },
    {
      "id": 65,
      "name": "Extreme Savanna Mountains"
    },
    {
      "id": 66,
      "name": "Roofed Forest"
    },
    {
      "id": 67,
      "name": "Roofed Forest Hills"
    },
    {
      "id": 68,
      "name": "Mega Taiga"
    },
    {
      "id": 69,
      "name": "Mega Taiga Hills"
    },
    {
      "id": 70,
      "name": "Mega Spruce Taiga"
    },
    {
      "id": 71,
      "name": "Mega Spruce Taiga Hills"
    },
    {
      "id": 72,
      "name": "Flower Forest"
    },
    {
      "id": 73,
      "name": "Ice Plains Spikes"
    },
    {
      "id": 74,
      "name": "Mega Mixed Forest"
    },
    {
      "id": 75,
      "name": "Gravel Beach"
    },
    {
      "id": 76,
      "name": "Volcanic Wasteland Beach"
    },
    {
      "id": 77,
      "name": "Poplar Grove"
    },
    {
      "id": 78,
      "name": "Poplar Grove Hills"
    },
    {
      "id": 79,
      "name": "Desert M"
    },
    {
      "id": 80,
      "name": "Oasis"
    },
    {
      "id": 81,
      "name": "Meadow"
    },
    {
      "id": 82,
      "name": "Meadow Forest"
    },
    {
      "id": 83,
      "name": "Rocky Mountains"
    },
    {
      "id": 84,
      "name": "Rocky Mountains Edge"
    },
    {
      "id": 85,
      "name": "Rocky Mountains Peak 1"
    },
    {
      "id": 86,
      "name": "Rocky Mountains Peak 2"
    },
    {
      "id": 87,
      "name": "Rocky Mountains Summit"
    },
    {
      "id": 88,
      "name": "Great Forest"
    },
    {
      "id": 89,
      "name": "Great Forest Hills"
    },
    {
      "id": 90,
      "name": "Riverbank"
    },
    {
      "id": 91,
      "name": "Frozen Riverbank"
    },
    {
      "id": 92,
      "name": "Desert Riverbank"
    },
    {
      "id": 93,
      "name": "Mesa Riverbank"
    }
  ]
}