{
  "name": "ids_TMCWv4",
  "type": "block",
  "version": "TMCWv4",
  "data": [
    {
      "id": 0,
      "name": "Air",
      "transparent": true,
      "spawninside": true
    },
    {
      "id": 1,
      "name": "Stone",
      "color": "747474",
      "variants": [
        {
          "data": 1,
          "name": "Granite",
          "color": "977061"
        },
        {
          "data": 2,
          "name": "Polished Granite",
          "color": "9d7160"
        },
        {
          "data": 3,
          "name": "Diorite",
          "color": "b2b2b5"
        },
        {
          "data": 4,
          "name": "Polished Diorite",
          "color": "b9b9bc"
        },
        {
          "data": 5,
          "name": "Andesite",
          "color": "818181"
        },
        {
          "data": 6,
          "name": "Polished Andesite",
          "color": "838385"
        }
      ]
    },
    {
      "id": 2,
      "name": "Grass",
      "color": "78bf64"
    },
    {
      "id": 3,
      "name": "Dirt",
      "color": "835d40",
      "variants": [
        {
          "data": 1,
          "name": "Coarse Dirt",
          "color": "76543a"
        },
        {
          "data": 2,
          "name": "Podzol",
          "color": "573c1a"
        }
      ]
    },
    {
      "id": 4,
      "name": "Cobblestone",
      "color": "8f8f8f"
    },
    {
      "id": 5,
      "name": "Oak Wood Plank",
      "color": "b4905a",
      "variants": [
        {
          "data": 1,
          "name": "Spruce Wood Plank",
          "color": "805e36"
        },
        {
          "data": 2,
          "name": "Birch Wood Plank",
          "color": "c8b77a"
        },
        {
          "data": 3,
          "name": "Jungle Wood Plank",
          "color": "b1805c"
        },
        {
          "data": 4,
          "name": "Acacia Wood Plank",
          "color": "ba6337"
        },
        {
          "data": 5,
          "name": "Dark Oak Wood Plank",
          "color": "462d15"
        }
      ]
    },
    {
      "id": 6,
      "name": "Oak Sapling",
      "color": "1f6519",
      "alpha": 0.3,
      "mask": 7,
      "transparent": true,
      "spawninside": true,
      "variants": [
        {
          "data": 1,
          "name": "Spruce Sapling",
          "color": "395a39"
        },
        {
          "data": 2,
          "name": "Birch Sapling",
          "color": "51742d"
        },
        {
          "data": 3,
          "name": "Jungle Sapling",
          "color": "2c6c18"
        },
        {
          "data": 4,
          "name": "Acacia Sapling",
          "color": "677e17"
        },
        {
          "data": 5,
          "name": "Dark Oak Sapling",
          "color": "105210"
        }
      ]
    },
    {
      "id": 7,
      "name": "Bedrock",
      "color": "333333"
    },
    {
      "id": 8,
      "name": "Water (flowing)",
      "color": "1f55ff",
      "alpha": 0.53,
      "transparent": true,
      "liquid": true
    },
    {
      "id": 9,
      "name": "Water",
      "color": "1f55ff",
      "alpha": 0.53,
      "transparent": true,
      "liquid": true
    },
    {
      "id": 10,
      "name": "Lava (flowing)",
      "color": "fc5700",
      "transparent": true,
      "liquid": true
    },
    {
      "id": 11,
      "name": "Lava",
      "color": "fc5700",
      "transparent": true,
      "liquid": true
    },
    {
      "id": 12,
      "name": "Sand",
      "color": "d6cf97",
      "variants": [
        {
          "data": 1,
          "name": "Red Sand",
          "color": "a6551e"
        }
      ]
    },
    {
      "id": 13,
      "name": "Gravel",
      "color": "817f7f"
    },
    {
      "id": 14,
      "name": "Gold Ore",
      "color": "fcee4b"
    },
    {
      "id": 15,
      "name": "Iron Ore",
      "color": "af8e77"
    },
    {
      "id": 16,
      "name": "Coal Ore",
      "color": "454545"
    },
    {
      "id": 17,
      "name": "Oak Wood",
      "color": "665130",
      "mask": 3,
      "variants": [
        {
          "data": 1,
          "name": "Spruce Wood",
          "color": "2e1d0a"
        },
        {
          "data": 2,
          "name": "Birch Wood",
          "color": "d6dad6"
        },
        {
          "data": 3,
          "name": "Jungle Wood",
          "color": "584219"
        }
      ]
    },
    {
      "id": 18,
      "name": "Oak Leaves",
      "color": "3d9b3d",
      "transparent": true,
      "rendercube": true,
      "mask": 3,
      "variants": [
        {
          "data": 1,
          "name": "Spruce Leaves",
          "color": "519b5a"
        },
        {
          "data": 2,
          "name": "Birch Leaves",
          "color": "6faa3b"
        },
        {
          "data": 3,
          "name": "Jungle Leaves",
          "color": "649642"
        }
      ]
    },
    {
      "id": 19,
      "name": "Sponge",
      "color": "c3c455",
      "variants": [
        {
          "data": 1,
          "name": "Wet Sponge",
          "color": "a09f3f"
        }
      ]
    },
    {
      "id": 20,
      "name": "Glass",
      "color": "c0f5fe",
      "alpha": 0.5,
      "transparent": true
    },
    {
      "id": 21,
      "name": "Lapis Lazuli Ore",
      "color": "1b43ad"
    },
    {
      "id": 22,
      "name": "Lapis Lazuli Block",
      "color": "0f26b8"
    },
    {
      "id": 23,
      "name": "Dispenser",
      "color": "848484"
    },
    {
      "id": 24,
      "name": "Sandstone",
      "color": "dfd7a5",
      "variants": [
        {
          "data": 1,
          "name": "Chiseled Sandstone",
          "color": "ddd8ab"
        },
        {
          "data": 2,
          "name": "Smooth Sandstone",
          "color": "d9d29a"
        }
      ]
    },
    {
      "id": 25,
      "name": "Note Block",
      "color": "915840"
    },
    {
      "id": 26,
      "name": "Bed",
      "color": "8c1616",
      "transparent": true
    },
    {
      "id": 27,
      "name": "Powered Rail",
      "color": "ab0301",
      "transparent": true,
      "spawninside": true
    },
    {
      "id": 28,
      "name": "Detector Rail",
      "color": "7d7171",
      "transparent": true,
      "spawninside": true,
      "canProvidePower": true
    },
    {
      "id": 29,
      "name": "Sticky Piston",
      "color": "7bc070",
      "transparent": true
    },
    {
      "id": 30,
      "name": "Cobweb",
      "color": "ededed",
      "transparent": true
    },
    {
      "id": 31,
      "name": "Dead Shrub",
      "color": "946428",
      "alpha": 0.3,
      "transparent": true,
      "spawninside": true,
      "variants": [
        {
          "data": 1,
          "name": "Tall Grass",
          "color": "83bf54"
        },
        {
          "data": 2,
          "name": "Fern",
          "color": "8fbb64"
        }
      ]
    },
    {
      "id": 32,
      "name": "Dead Bush",
      "color": "946428",
      "transparent": true,
      "spawninside": true,
      "alpha": 0.3
    },
    {
      "id": 33,
      "name": "Piston",
      "color": "9f844d",
      "transparent": true
    },
    {
      "id": 34,
      "name": "Piston Head",
      "color": "b4905a"
    },
    {
      "id": 35,
      "name": "White Wool",
      "color": "eaeaea",
      "variants": [
        {
          "data": 1,
          "name": "Orange Wool",
          "color": "db7b3b"
        },
        {
          "data": 2,
          "name": "Magenta Wool",
          "color": "af44b8"
        },
        {
          "data": 3,
          "name": "Light Blue Wool",
          "color": "7e99d0"
        },
        {
          "data": 4,
          "name": "Yellow Wool",
          "color": "bcb02a"
        },
        {
          "data": 5,
          "name": "Lime Wool",
          "color": "44b93b"
        },
        {
          "data": 6,
          "name": "Pink Wool",
          "color": "d28a9e"
        },
        {
          "data": 7,
          "name": "Gray Wool",
          "color": "454545"
        },
        {
          "data": 8,
          "name": "Light Gray Wool",
          "color": "909898"
        },
        {
          "data": 9,
          "name": "Cyan Wool",
          "color": "30728e"
        },
        {
          "data": 10,
          "name": "Purple Wool",
          "color": "7737ad"
        },
        {
          "data": 11,
          "name": "Blue Wool",
          "color": "2b3585"
        },
        {
          "data": 12,
          "name": "Brown Wool",
          "color": "563822"
        },
        {
          "data": 13,
          "name": "Green Wool",
          "color": "314119"
        },
        {
          "data": 14,
          "name": "Red Wool",
          "color": "91312f"
        },
        {
          "data": 15,
          "name": "Black Wool",
          "color": "1d1b1b"
        }
      ]
    },
    {
      "id": 36,
      "name": "Piston Extension",
      "color": "b4905a"
    },
    {
      "id": 37,
      "name": "Dandelion",
      "color": "f1f902",
      "transparent": true,
      "spawninside": true,
      "alpha": 0.3,
      "variants": [
        {
          "data": 1,
          "name": "Rose Bush",
          "color": "ba050b"
        },
        {
          "data": 2,
          "name": "Peony",
          "color": "e6bff7"
        },
        {
          "data": 3,
          "name": "Lilac",
          "color": "9f78a4"
        },
        {
          "data": 4,
          "name": "Allium",
          "color": "b865fb"
        },
        {
          "data": 5,
          "name": "Blue Orchid",
          "color": "29aefb"
        },
        {
          "data": 6,
          "name": "Oxeye Daisy",
          "color": "eae6ad"
        },
        {
          "data": 7,
          "name": "Paeonia",
          "color": "e6bff7"
        },
        {
          "data": 8,
          "name": "Poppy",
          "color": "ba050b"
        },
        {
          "data": 9,
          "name": "Red Tulip",
          "color": "d33a17"
        },
        {
          "data": 10,
          "name": "Pink Tulip",
          "color": "eabeea"
        },
        {
          "data": 11,
          "name": "Orange Tulip",
          "color": "de731f"
        },
        {
          "data": 12,
          "name": "Yellow Tulip",
          "color": "f1f902"
        },
        {
          "data": 13,
          "name": "White Tulip",
          "color": "e7e7e7"
        },
        {
          "data": 14,
          "name": "Cyan Rose",
          "color": "29aefb"
        },
        {
          "data": 15,
          "name": "Azure Bluet",
          "color": "e4eaf2"
        }
      ]
    },
    {
      "id": 38,
      "name": "Rose",
      "color": "ba050b",
      "transparent": true,
      "spawninside": true,
      "alpha": 0.3,
      "variants": [
        {
          "data": 1,
          "name": "Blue Orchid",
          "color": "29aefb"
        },
        {
          "data": 2,
          "name": "Allium",
          "color": "b865fb"
        },
        {
          "data": 3,
          "name": "Azure Bluet",
          "color": "e4eaf2"
        },
        {
          "data": 4,
          "name": "Red Tulip",
          "color": "d33a17"
        },
        {
          "data": 5,
          "name": "Orange Tulip",
          "color": "de731f"
        },
        {
          "data": 6,
          "name": "White Tulip",
          "color": "e7e7e7"
        },
        {
          "data": 7,
          "name": "Pink Tulip",
          "color": "eabeea"
        },
        {
          "data": 8,
          "name": "Oxeye Daisy",
          "color": "eae6ad"
        }
      ]
    },
    {
      "id": 39,
      "name": "Brown Mushroom",
      "color": "916d55",
      "transparent": true,
      "spawninside": true,
      "alpha": 0.3
    },
    {
      "id": 40,
      "name": "Red Mushroom",
      "color": "e21212",
      "transparent": true,
      "spawninside": true,
      "alpha": 0.3
    },
    {
      "id": 41,
      "name": "Block of Gold",
      "color": "fdfb4f"
    },
    {
      "id": 42,
      "name": "Block of Iron",
      "color": "e6e6e6"
    },
    {
      "id": 43,
      "name": "Double Stone Slab",
      "color": "a3a3a3",
      "variants": [
        {
          "data": 1,
          "name": "Double Sandstone Slab",
          "color": "d7ce95"
        },
        {
          "data": 2,
          "name": "Double Wooden Slab",
          "color": "b4905a"
        },
        {
          "data": 3,
          "name": "Double Cobblestone Slab",
          "color": "8f8f8f"
        },
        {
          "data": 4,
          "name": "Double Bricks Slab",
          "color": "7c4536"
        },
        {
          "data": 5,
          "name": "Double Stone Brick Slab",
          "color": "797979"
        },
        {
          "data": 6,
          "name": "Double Nether Brick Slab",
          "color": "30181c"
        },
        {
          "data": 7,
          "name": "Double Quartz Slab",
          "color": "f0eee8"
        },
        {
          "data": 8,
          "name": "Full Stone Slab",
          "color": "9c9c9c"
        },
        {
          "data": 9,
          "name": "Full Sandstone Slab",
          "color": "d7cf9c"
        }
      ]
    },
    {
      "id": 44,
      "name": "Stone Slab",
      "color": "a3a3a3",
      "transparent": true,
      "variants": [
        {
          "data": 1,
          "name": "Sandstone Slab",
          "color": "d7ce95"
        },
        {
          "data": 2,
          "name": "Wooden Slab",
          "color": "b4905a"
        },
        {
          "data": 3,
          "name": "Cobblestone Slab",
          "color": "8f8f8f"
        },
        {
          "data": 4,
          "name": "Brick Slab",
          "color": "7c4536"
        },
        {
          "data": 5,
          "name": "Stone Brick Slab",
          "color": "797979"
        },
        {
          "data": 6,
          "name": "Nether Brick Slab",
          "color": "30181c"
        },
        {
          "data": 7,
          "name": "Quartz Slab",
          "color": "f0eee8"
        },
        {
          "data": 8,
          "name": "Upper Stone Slab",
          "color": "a3a3a3"
        },
        {
          "data": 9,
          "name": "Upper Sandstone Slab",
          "color": "d7ce95"
        },
        {
          "data": 10,
          "name": "Upper Wooden Slab",
          "color": "b4905a"
        },
        {
          "data": 11,
          "name": "Upper Cobblestone Slab",
          "color": "8f8f8f"
        },
        {
          "data": 12,
          "name": "Upper Brick Slab",
          "color": "7c4536"
        },
        {
          "data": 13,
          "name": "Upper Stone Brick Slab",
          "color": "797979"
        },
        {
          "data": 14,
          "name": "Upper Nether Brick Slab",
          "color": "30181c"
        },
        {
          "data": 15,
          "name": "Upper Quartz Slab",
          "color": "f0eee8"
        }
      ]
    },
    {
      "id": 45,
      "name": "Bricks",
      "color": "6a3b2e"
    },
    {
      "id": 46,
      "name": "TNT",
      "color": "a83414",
      "transparent": true
    },
    {
      "id": 47,
      "name": "Bookshelf",
      "color": "9f844d"
    },
    {
      "id": 48,
      "name": "Moss Stone",
      "color": "3a623a"
    },
    {
      "id": 49,
      "name": "Obsidian",
      "color": "0e0e16",
      "variants": [
        {
          "data": 1,
          "name": "Amethyst Ore",
          "color": "9515d1"
        },
        {
          "data": 2,
          "name": "Block of Amethyst",
          "color": "9515d1"
        },
      ]
    },
    {
      "id": 50,
      "name": "Torch",
      "color": "ffd800",
      "transparent": true
    },
    {
      "id": 51,
      "name": "Fire",
      "color": "ff8f00",
      "transparent": true
    },
    {
      "id": 52,
      "name": "Monster Spawner",
      "color": "1b2a35",
      "transparent": true,
      "rendercube": true
    },
    {
      "id": 53,
      "name": "Oak Wood Stairs",
      "color": "9f844d",
      "transparent": true
    },
    {
      "id": 54,
      "name": "Chest",
      "color": "976b20",
      "transparent": true
    },
    {
      "id": 55,
      "name": "Redstone Wire",
      "color": "d60000",
      "transparent": true
    },
    {
      "id": 56,
      "name": "Diamond Ore",
      "color": "5decf5"
    },
    {
      "id": 57,
      "name": "Block of Diamond",
      "color": "91e8e4"
    },
    {
      "id": 58,
      "name": "Crafting Table",
      "color": "a0693c"
    },
    {
      "id": 59,
      "name": "Immature Wheat",
      "color": "8ba803",
      "transparent": true,
      "variants": [
        {
          "data": 7,
          "name": "Grown Wheat",
          "color": "8e7c10"
        }
      ]
    },
    {
      "id": 60,
      "name": "Wet Farmland",
      "color": "43240b",
      "transparent": true,
      "variants": [
        {
          "data": 0,
          "name": "Dry Farmland",
          "color": "633f24"
        }
      ]
    },
    {
      "id": 61,
      "name": "Furnace",
      "color": "535353"
    },
    {
      "id": 62,
      "name": "Burning Furnace",
      "color": "535353"
    },
    {
      "id": 63,
      "name": "Sign Post",
      "color": "9f844d",
      "transparent": true,
      "spawninside": true
    },
    {
      "id": 64,
      "name": "Oak Door",
      "color": "b0572a",
      "transparent": true
    },
    {
      "id": 65,
      "name": "Ladder",
      "color": "8e733c",
      "transparent": true,
      "spawninside": true
    },
    {
      "id": 66,
      "name": "Rail",
      "color": "a4a4a4",
      "transparent": true,
      "spawninside": true
    },
    {
      "id": 67,
      "name": "Cobblestone Stairs",
      "color": "565656",
      "transparent": true
    },
    {
      "id": 68,
      "name": "Wall Sign",
      "color": "b4905a",
      "transparent": true,
      "spawninside": true
    },
    {
      "id": 69,
      "name": "Lever",
      "color": "735e39",
      "transparent": true,
      "spawninside": true,
      "canProvidePower": true
    },
    {
      "id": 70,
      "name": "Stone Pressure Plate",
      "color": "8f8f8f",
      "transparent": true,
      "spawninside": true,
      "canProvidePower": true
    },
    {
      "id": 71,
      "name": "Iron Door",
      "color": "b6b6b6",
      "transparent": true
    },
    {
      "id": 72,
      "name": "Wooden Pressure Plate",
      "color": "bc9862",
      "transparent": true,
      "spawninside": true,
      "canProvidePower": true
    },
    {
      "id": 73,
      "name": "Redstone Ore",
      "color": "8f0303"
    },
    {
      "id": 74,
      "name": "Redstone Ore (glowing)",
      "color": "8f0303"
    },
    {
      "id": 75,
      "name": "Redstone Torch (off)",
      "color": "480000",
      "transparent": true,
      "canProvidePower": true
    },
    {
      "id": 76,
      "name": "Redstone Torch (on)",
      "color": "fd0000",
      "transparent": true,
      "canProvidePower": true
    },
    {
      "id": 77,
      "name": "Stone Button",
      "color": "a8a8a8",
      "transparent": true,
      "spawninside": true,
      "canProvidePower": true
    },
    {
      "id": 78,
      "name": "Snow",
      "color": "eeffff",
      "spawninside": true,
      "transparent": true
    },
    {
      "id": 79,
      "name": "Ice",
      "color": "77a9ff",
      "alpha": 0.62,
      "transparent": true,
      "rendercube": true
    },
    {
      "id": 80,
      "name": "Snow Block",
      "color": "eeffff"
    },
    {
      "id": 81,
      "name": "Cactus",
      "color": "107e1d",
      "transparent": true
    },
    {
      "id": 82,
      "name": "Clay Block",
      "color": "9da3ae"
    },
    {
      "id": 83,
      "name": "Sugar Cane",
      "color": "aadb74",
      "spawninside": true,
      "transparent": true
    },
    {
      "id": 84,
      "name": "Jukebox",
      "color": "945f44"
    },
    {
      "id": 85,
      "name": "Oak Fence",
      "color": "b4905a",
      "alpha": 0.75,
      "transparent": true
    },
    {
      "id": 86,
      "name": "Pumpkin",
      "color": "e3901d"
    },
    {
      "id": 87,
      "name": "Netherrack",
      "color": "955744"
    },
    {
      "id": 88,
      "name": "Soul Sand",
      "color": "554134"
    },
    {
      "id": 89,
      "name": "Glowstone Block",
      "color": "f9d49c"
    },
    {
      "id": 90,
      "name": "Nether Portal",
      "color": "d67fff",
      "transparent": true
    },
    {
      "id": 91,
      "name": "Jack o'Lantern",
      "color": "e9b416"
    },
    {
      "id": 92,
      "name": "Cake",
      "color": "eae9eb",
      "transparent": true
    },
    {
      "id": 93,
      "name": "Redstone Repeater (off)",
      "color": "2a0002",
      "transparent": true,
      "canProvidePower": true
    },
    {
      "id": 94,
      "name": "Redstone Repeater (on)",
      "color": "fd0101",
      "transparent": true,
      "canProvidePower": true
    },
    {
      "id": 96,
      "name": "Wooden Trapdoor",
      "color": "7c5a2a",
      "transparent": true
    },
    {
      "id": 97,
      "name": "Stone Monster Egg",
      "color": "7a7a7a",
      "variants": [
        {
          "data": 1,
          "name": "Cobblestone Monster Egg",
          "color": "787878"
        },
        {
          "data": 2,
          "name": "Stone Brick Monster Egg",
          "color": "777777"
        },
        {
          "data": 3,
          "name": "Mossy Stone Brick Monster Egg",
          "color": "707467"
        },
        {
          "data": 4,
          "name": "Cracked Stone Brick Monster Egg",
          "color": "747474"
        },
        {
          "data": 5,
          "name": "Chiseled Stone Brick Monster Egg",
          "color": "747474"
        }
      ]
    },
    {
      "id": 98,
      "name": "Stone Brick",
      "color": "797979",
      "variants": [
        {
          "data": 1,
          "name": "Mossy Stone Brick",
          "color": "637049"
        },
        {
          "data": 2,
          "name": "Cracked Stone Brick",
          "color": "656565"
        },
        {
          "data": 3,
          "name": "Chiseled Stone Brick",
          "color": "9c9c9c"
        }
      ]
    },
    {
      "id": 99,
      "name": "Huge Brown Mushroom",
      "color": "d2b17d",
      "variants": [
        {
          "data": 1,
          "color": "8f6b53"
        },
        {
          "data": 2,
          "color": "8f6b53"
        },
        {
          "data": 3,
          "color": "8f6b53"
        },
        {
          "data": 4,
          "color": "8f6b53"
        },
        {
          "data": 5,
          "color": "8f6b53"
        },
        {
          "data": 6,
          "color": "8f6b53"
        },
        {
          "data": 7,
          "color": "8f6b53"
        },
        {
          "data": 8,
          "color": "8f6b53"
        },
        {
          "data": 9,
          "color": "8f6b53"
        },
        {
          "data": 10,
          "color": "d2b17d"
        },
        {
          "data": 14,
          "color": "8f6b53"
        },
        {
          "data": 15,
          "color": "cdc9bf"
        }
      ]
    },
    {
      "id": 100,
      "name": "Huge Red Mushroom",
      "color": "d2b17d",
      "variants": [
        {
          "data": 1,
          "color": "b51d1b"
        },
        {
          "data": 2,
          "color": "b51d1b"
        },
        {
          "data": 3,
          "color": "b51d1b"
        },
        {
          "data": 4,
          "color": "b51d1b"
        },
        {
          "data": 5,
          "color": "b51d1b"
        },
        {
          "data": 6,
          "color": "b51d1b"
        },
        {
          "data": 7,
          "color": "b51d1b"
        },
        {
          "data": 8,
          "color": "b51d1b"
        },
        {
          "data": 9,
          "color": "b51d1b"
        },
        {
          "data": 10,
          "color": "d2b17d"
        },
        {
          "data": 14,
          "color": "b51d1b"
        },
        {
          "data": 15,
          "color": "cdc9bf"
        }
      ]
    },
    {
      "id": 101,
      "name": "Iron Bars",
      "color": "6d6e6e",
      "transparent": true
    },
    {
      "id": 102,
      "name": "Glass Pane",
      "color": "c0f5fe",
      "alpha": 0.5,
      "transparent": true
    },
    {
      "id": 103,
      "name": "Melon",
      "color": "adb82c"
    },
    {
      "id": 104,
      "name": "Pumpkin Stem",
      "color": "6b6b0b",
      "transparent": true
    },
    {
      "id": 105,
      "name": "Melon Stem",
      "color": "6b6b0b",
      "transparent": true
    },
    {
      "id": 106,
      "name": "Vines",
      "color": "6cc44a",
      "transparent": true,
      "spawninside": true
    },
    {
      "id": 107,
      "name": "Oak Fence Gate",
      "color": "b4905a",
      "alpha": 0.75,
      "transparent": true
    },
    {
      "id": 108,
      "name": "Brick Stairs",
      "color": "7c4536",
      "transparent": true
    },
    {
      "id": 109,
      "name": "Stone Brick Stairs",
      "color": "727272",
      "transparent": true
    },
    {
      "id": 110,
      "name": "Mycelium",
      "color": "806b6f"
    },
    {
      "id": 111,
      "name": "Lily Pad",
      "color": "88bf54",
      "transparent": true
    },
    {
      "id": 112,
      "name": "Nether Brick",
      "color": "30181c"
    },
    {
      "id": 113,
      "name": "Nether Brick Fence",
      "color": "1c0e10",
      "transparent": true
    },
    {
      "id": 114,
      "name": "Nether Brick Stairs",
      "color": "381a1f",
      "transparent": true
    },
    {
      "id": 115,
      "name": "Immature Nether Wart",
      "color": "70081c",
      "transparent": true,
      "variants": [
        {
          "data": 3,
          "name": "Mature Nether Wart",
          "color": "8e181b"
        }
      ]
    },
    {
      "id": 116,
      "name": "Enchantment Table",
      "color": "3c3056",
      "transparent": true
    },
    {
      "id": 117,
      "name": "Brewing Stand",
      "color": "bea84a",
      "transparent": true
    },
    {
      "id": 118,
      "name": "Cauldron",
      "color": "4d4d4d",
      "transparent": true
    },
    {
      "id": 119,
      "name": "End Portal",
      "color": "0c0b0a",
      "transparent": true
    },
    {
      "id": 120,
      "name": "End Portal Frame",
      "color": "2f5754",
      "mask": 4,
      "transparent": true,
      "rendercube": true,
      "variants": [
        {
          "data": 4,
          "name": "End Portal Frame (on)",
          "color": "406852"
        }
      ]
    },
    {
      "id": 121,
      "name": "End Stone",
      "color": "d9dc9e"
    },
    {
      "id": 122,
      "name": "Dragon Egg",
      "color": "2d0133"
    },
    {
      "id": 123,
      "name": "Redstone Lamp (off)",
      "color": "b0744c"
    },
    {
      "id": 124,
      "name": "Redstone Lamp (on)",
      "color": "f1d1af",
      "transparent": true
    },
    {
      "id": 125,
      "name": "Double Oak Wood Slab",
      "color": "b4905a",
      "variants": [
        {
          "data": 1,
          "name": "Double Spruce Wood Slab",
          "color": "664f2f"
        },
        {
          "data": 2,
          "name": "Double Birch Wood Slab",
          "color": "d7cb8d"
        },
        {
          "data": 3,
          "name": "Double Jungle Wood Slab",
          "color": "b1805c"
        },
        {
          "data": 4,
          "name": "Double Acacia Wood Slab",
          "color": "ad5d32"
        },
        {
          "data": 5,
          "name": "Double Dark Oak Wood Slab",
          "color": "462d15"
        }
      ]
    },
    {
      "id": 126,
      "name": "Oak Wood Slab",
      "color": "b4905a",
      "transparent": true,
      "variants": [
        {
          "data": 1,
          "name": "Spruce Wood Slab",
          "color": "664f2f"
        },
        {
          "data": 2,
          "name": "Birch Wood Slab",
          "color": "d7cb8d"
        },
        {
          "data": 3,
          "name": "Jungle Wood Slab",
          "color": "b1805c"
        },
        {
          "data": 4,
          "name": "Acacia Wood Slab",
          "color": "ba6337"
        },
        {
          "data": 5,
          "name": "Dark Oak Wood Slab",
          "color": "462d15"
        },
        {
          "data": 8,
          "name": "Upper Oak Wood Slab",
          "color": "b4905a"
        },
        {
          "data": 9,
          "name": "Upper Spruce Wood Slab",
          "color": "664f2f"
        },
        {
          "data": 10,
          "name": "Upper Birch Wood Slab",
          "color": "d7cb8d"
        },
        {
          "data": 11,
          "name": "Upper Jungle Wood Slab",
          "color": "b1805c"
        },
        {
          "data": 12,
          "name": "Upper Acacia Wood Slab",
          "color": "ba6337"
        },
        {
          "data": 13,
          "name": "Upper Dark Oak Wood Slab",
          "color": "462d15"
        }
      ]
    },
    {
      "id": 127,
      "name": "Immature Cocoa Pod",
      "color": "929943",
      "transparent": true,
      "spawninside": true,
      "mask": 12,
      "variants": [
        {
          "data": 8,
          "name": "Mature Cocoa Pod",
          "color": "d4924c"
        }
      ]
    },
    {
      "id": 128,
      "name": "Sandstone Stairs",
      "color": "e9e0b3",
      "transparent": true
    },
    {
      "id": 129,
      "name": "Emerald Ore",
      "color": "17dd62"
    },
    {
      "id": 130,
      "name": "Ender Chest",
      "color": "2d4042",
      "transparent": true
    },
    {
      "id": 131,
      "name": "Tripwire Hook",
      "color": "6e6e6e",
      "transparent": true,
      "spawninside": true,
      "canProvidePower": true
    },
    {
      "id": 132,
      "name": "Tripwire",
      "color": "ebebeb",
      "transparent": true
    },
    {
      "id": 133,
      "name": "Block of Emerald",
      "color": "64ea8a"
    },
    {
      "id": 134,
      "name": "Spruce Wood Stairs",
      "color": "664f2f",
      "transparent": true
    },
    {
      "id": 135,
      "name": "Birch Wood Stairs",
      "color": "d7cb8d",
      "transparent": true
    },
    {
      "id": 136,
      "name": "Jungle Wood Stairs",
      "color": "b1805c",
      "transparent": true
    },
    {
      "id": 137,
      "name": "Command Block",
      "color": "b18972"
    },
    {
      "id": 138,
      "name": "Beacon",
      "color": "c4fffe"
    },
    {
      "id": 139,
      "name": "Cobblestone Wall",
      "color": "505050",
      "transparent": true
    },
    {
      "id": 140,
      "name": "Flower Pot (empty)",
      "color": "7c4536",
      "transparent": true,
      "variants": [
        {
          "data": 1,
          "name": "Flower Pot (poppy)",
          "color": "910205"
        },
        {
          "data": 2,
          "name": "Flower Pot (dandelion)",
          "color": "f1f902"
        },
        {
          "data": 3,
          "name": "Flower Pot (oak)",
          "color": "408f2f"
        },
        {
          "data": 4,
          "name": "Flower Pot (spruce)",
          "color": "395a39"
        },
        {
          "data": 5,
          "name": "Flower Pot (birch)",
          "color": "cfe3ba"
        },
        {
          "data": 6,
          "name": "Flower Pot (jungle)",
          "color": "2c6c18"
        },
        {
          "data": 7,
          "name": "Flower Pot (red mushroom)",
          "color": "9a171c"
        },
        {
          "data": 8,
          "name": "Flower Pot (brown mushroom)",
          "color": "725643"
        },
        {
          "data": 9,
          "name": "Flower Pot (cactus)",
          "color": "128a20"
        },
        {
          "data": 10,
          "name": "Flower Pot (dead bush)",
          "color": "946428"
        },
        {
          "data": 11,
          "name": "Flower Pot (fern)",
          "color": "315e05"
        },
        {
          "data": 12,
          "name": "Flower Pot (acacia)",
          "color": "946428"
        },
        {
          "data": 13,
          "name": "Flower Pot (dark oak)",
          "color": "315e05"
        }
      ]
    },
    {
      "id": 141,
      "name": "Immature Carrots",
      "color": "00c617",
      "transparent": true,
      "variants": [
        {
          "data": 7,
          "name": "Mature Carrots",
          "color": "004e00"
        }
      ]
    },
    {
      "id": 142,
      "name": "Immature Potatoes",
      "color": "00c617",
      "transparent": true,
      "variants": [
        {
          "data": 7,
          "name": "Mature Potatoes",
          "color": "3aa649"
        }
      ]
    },
    {
      "id": 143,
      "name": "Wooden Button",
      "color": "b4905a",
      "transparent": true,
      "spawninside": true,
      "canProvidePower": true
    },
    {
      "id": 144,
      "name": "Mob Head",
      "color": "1a1a1a",
      "transparent": true
    },
    {
      "id": 145,
      "name": "Anvil",
      "color": "474747",
      "transparent": true,
      "mask": 12,
      "variants": [
        {
          "data": 4,
          "name": "Slightly Damaged Anvil"
        },
        {
          "data": 8,
          "name": "Very Damaged Anvil"
        }
      ]
    },
    {
      "id": 146,
      "name": "Trapped Chest",
      "color": "ab792d",
      "transparent": true,
      "canProvidePower": true
    },
    {
      "id": 147,
      "name": "Weighted Pressure Plate (Light)",
      "color": "fdfb4f",
      "transparent": true,
      "spawninside": true,
      "canProvidePower": true
    },
    {
      "id": 148,
      "name": "Weighted Pressure Plate (Heavy)",
      "color": "e6e6e6",
      "transparent": true,
      "spawninside": true,
      "canProvidePower": true
    },
    {
      "id": 149,
      "name": "Redstone Comparator (off)",
      "color": "4f1010",
      "transparent": true,
      "canProvidePower": true
    },
    {
      "id": 150,
      "name": "Redstone Comparator (on)",
      "color": "fd1010",
      "transparent": true,
      "canProvidePower": true
    },
    {
      "id": 151,
      "name": "Daylight Sensor",
      "color": "d2c1ab",
      "transparent": true,
      "canProvidePower": true
    },
    {
      "id": 152,
      "name": "Block of Redstone",
      "color": "bb1c0a",
      "transparent": true,
      "canProvidePower": true
    },
    {
      "id": 153,
      "name": "Nether Quartz Ore",
      "color": "ddcbbe"
    },
    {
      "id": 154,
      "name": "Hopper",
      "color": "444444",
      "transparent": true
    },
    {
      "id": 155,
      "name": "Block of Quartz",
      "color": "edebe5",
      "variants": [
        {
          "data": 1,
          "name": "Chiseled Quartz Block",
          "color": "e3dfd5"
        },
        {
          "data": 2,
          "name": "Pillar Quartz Block",
          "color": "e1dcd3"
        },
        {
          "data": 3,
          "name": "Pillar Quartz Block",
          "color": "e1dcd3"
        },
        {
          "data": 4,
          "name": "Pillar Quartz Block",
          "color": "e1dcd3"
        }
      ]
    },
    {
      "id": 156,
      "name": "Quartz Stairs",
      "color": "dfdacf",
      "transparent": true
    },
    {
      "id": 157,
      "name": "Activator Rail",
      "color": "ab0301",
      "transparent": true,
      "spawninside": true
    },
    {
      "id": 158,
      "name": "Dropper",
      "color": "848484"
    },
    {
      "id": 159,
      "name": "White Stained Clay",
      "color": "d1b1a1",
      "variants": [
        {
          "data": 1,
          "name": "Orange Stained Clay",
          "color": "a55728"
        },
        {
          "data": 2,
          "name": "Magenta Stained Clay",
          "color": "95586d"
        },
        {
          "data": 3,
          "name": "Light Blue Stained Clay",
          "color": "6f6b89"
        },
        {
          "data": 4,
          "name": "Yellow Stained Clay",
          "color": "b9821f"
        },
        {
          "data": 5,
          "name": "Lime Stained Clay",
          "color": "667330"
        },
        {
          "data": 6,
          "name": "Pink Stained Clay",
          "color": "a04b4e"
        },
        {
          "data": 7,
          "name": "Gray Stained Clay",
          "color": "3a2a24"
        },
        {
          "data": 8,
          "name": "Silver Stained Clay",
          "color": "876b62"
        },
        {
          "data": 9,
          "name": "Cyan Stained Clay",
          "color": "565a5b"
        },
        {
          "data": 10,
          "name": "Purple Stained Clay",
          "color": "734454"
        },
        {
          "data": 11,
          "name": "Blue Stained Clay",
          "color": "4a3b5b"
        },
        {
          "data": 12,
          "name": "Brown Stained Clay",
          "color": "4d3324"
        },
        {
          "data": 13,
          "name": "Green Stained Clay",
          "color": "4e562c"
        },
        {
          "data": 14,
          "name": "Red Stained Clay",
          "color": "8e3d2f"
        },
        {
          "data": 15,
          "name": "Black Stained Clay",
          "color": "271912"
        }
      ]
    },
    {
      "id": 170,
      "name": "Hay Bale",
      "color": "af9711"
    },
    {
      "id": 171,
      "name": "White Carpet",
      "color": "dddddd",
      "transparent": true,
      "variants": [
        {
          "data": 1,
          "name": "Orange Carpet",
          "color": "dd8143"
        },
        {
          "data": 2,
          "name": "Magenta Carpet",
          "color": "b650c0"
        },
        {
          "data": 3,
          "name": "Light Blue Carpet",
          "color": "8ea6d6"
        },
        {
          "data": 4,
          "name": "Yellow Carpet",
          "color": "c4b82e"
        },
        {
          "data": 5,
          "name": "Lime Carpet",
          "color": "53c347"
        },
        {
          "data": 6,
          "name": "Pink Carpet",
          "color": "cb778d"
        },
        {
          "data": 7,
          "name": "Gray Carpet",
          "color": "3b3b3b"
        },
        {
          "data": 8,
          "name": "Silver Carpet",
          "color": "aab0b0"
        },
        {
          "data": 9,
          "name": "Cyan Carpet",
          "color": "2d6a83"
        },
        {
          "data": 10,
          "name": "Purple Carpet",
          "color": "7537a9"
        },
        {
          "data": 11,
          "name": "Blue Carpet",
          "color": "323e9a"
        },
        {
          "data": 12,
          "name": "Brown Carpet",
          "color": "482e1c"
        },
        {
          "data": 13,
          "name": "Green Carpet",
          "color": "314119"
        },
        {
          "data": 14,
          "name": "Red Carpet",
          "color": "963330"
        },
        {
          "data": 15,
          "name": "Black Carpet",
          "color": "151111"
        }
      ]
    },
    {
      "id": 172,
      "name": "Hardened Clay",
      "color": "945a41"
    },
    {
      "id": 173,
      "name": "Block of Coal",
      "color": "2b2b2b"
    },
    {
      "id": 174,
      "name": "Packed Ice",
      "color": "bfcee8"
    },
    {
      "id": 175,
      "name": "Rail Block",
      "color": "534b3d"
    },
    {
      "id": 176,
      "name": "Diamond Ender Chest",
      "color": "00b1b7",
      "transparent": true
    },
    {
      "id": 177,
      "name": "Cobweb block",
      "color": "ededed",
      "transparent": true,
      "rendercube": true
    },
    {
      "id": 178,
      "name": "Empty Monster Spawner",
      "color": "1b2a35",
      "transparent": true,
      "rendercube": true
    },
    {
      "id": 179,
      "name": "Empty Monster Spawner (lit)",
      "color": "1b2a35",
      "transparent": true,
      "rendercube": true
    },
    {
      "id": 180,
      "name": "Bone Block",
      "color": "e0dcdc"
    },
    {
      "id": 181,
      "name": "Ruby Ore",
      "color": "bf0404"
    },
    {
      "id": 182,
      "name": "Ruby Block",
      "color": "db1c0a"
    },
    {
      "id": 183,
      "name": "Quartz Path",
      "color": "e3dfd5"
    }
  ]
}